"Employee No","Name","Photo Location","Audio Location"
"43","Swami Vivekananda","DataFiles\\EmployeePhoto\\43.jpeg","DataFiles\\EmployeeAudio\\43.mp3"
"44","Ratan Tata","DataFiles\\EmployeePhoto\\44.jpeg","DataFiles\\EmployeeAudio\\44.mp3"
"45","Netaji Subhas Chandra Bose","DataFiles\\EmployeePhoto\\45.jpeg","DataFiles\\EmployeeAudio\\45.mp3"
"46","Bhagat Singh","DataFiles\\EmployeePhoto\\46.jpeg","DataFiles\\EmployeeAudio\\46.mp3"
"47","A. P. J. Abdul Kalam","DataFiles\\EmployeePhoto\\47.jpeg","DataFiles\\EmployeeAudio\\47.mp3"